<?xml version="1.0" encoding="UTF-8"?>
<project-private xmlns="http://www.netbeans.org/ns/project-private/1">
    <editor-bookmarks xmlns="http://www.netbeans.org/ns/editor-bookmarks/2" lastBookmarkId="0"/>
    <open-files xmlns="http://www.netbeans.org/ns/projectui-open-files/2">
        <group>
            <file>file:/C:/bayu/backup%20xampp/Aplikasi_kasir/Aplikasi_kasir/src/tampilan/Pelanggan.java</file>
            <file>file:/C:/bayu/backup%20xampp/Aplikasi_kasir/Aplikasi_kasir/src/tampilan/kasir.java</file>
            <file>file:/C:/bayu/backup%20xampp/Aplikasi_kasir/Aplikasi_kasir/src/aplikasi_kasir/Aplikasi_kasir.java</file>
            <file>file:/C:/bayu/backup%20xampp/Aplikasi_kasir/Aplikasi_kasir/src/koneksi/koneksi.java</file>
            <file>file:/C:/bayu/backup%20xampp/Aplikasi_kasir/Aplikasi_kasir/src/tampilan/menu.java</file>
        </group>
    </open-files>
</project-private>
